Time,RPMA,RPMB,ARPMref,BRPMref
1.20,0.0,0.0,0.0,0.0
1.25,0.0,5.62,250.0,250.0
1.40,0.0,5.88,250.0,250.0
1.45,0.0,6.01,250.0,250.0
1.55,0.0,6.26,250.0,250.0
1.70,0.0,6.63,250.0,250.0
1.75,0.0,6.76,250.0,250.0
1.90,0.0,7.13,250.0,250.0
1.95,0.0,7.26,250.0,250.0
2.10,0.0,7.63,250.0,250.0
2.15,0.0,7.76,250.0,250.0
2.25,0.0,8.01,250.0,250.0
2.40,0.0,8.38,250.0,250.0
2.45,0.0,8.51,250.0,250.0
2.60,0.0,8.88,250.0,250.0
2.70,0.0,9.13,250.0,250.0
2.80,0.0,9.38,250.0,250.0
2.90,0.0,9.63,250.0,250.0
2.95,0.0,9.76,250.0,250.0
3.15,0.0,10.26,250.0,250.0
3.30,0.0,10.71,250.0,250.0
3.40,0.0,10.88,250.0,250.0
3.50,0.0,11.13,250.0,250.0
3.60,0.0,11.38,250.0,250.0
3.70,0.0,11.63,250.0,250.0
3.80,0.0,11.88,250.0,250.0
3.85,0.0,12.0,250.0,250.0
4.00,0.0,12.38,250.0,250.0
4.15,0.0,12.75,250.0,250.0
4.20,0.0,12.88,250.0,250.0
4.30,0.0,13.13,250.0,250.0
4.40,0.0,13.38,250.0,250.0
4.50,0.0,13.63,250.0,250.0
4.60,0.0,13.88,250.0,250.0
4.70,0.0,14.13,250.0,250.0
4.85,0.0,14.51,250.0,250.0
4.90,0.0,14.63,250.0,250.0
5.05,0.0,15.01,250.0,250.0
5.20,0.0,15.38,250.0,250.0
5.30,0.0,15.71,250.0,250.0
5.40,0.0,15.88,250.0,250.0
5.50,0.0,16.13,250.0,250.0
5.60,0.0,16.38,250.0,250.0
5.75,0.0,16.76,250.0,250.0
5.80,0.0,16.88,250.0,250.0
5.95,0.0,17.26,250.0,250.0
6.00,0.0,17.38,250.0,250.0
6.15,0.0,17.76,250.0,250.0
6.20,0.0,17.88,250.0,250.0
6.30,0.0,18.13,250.0,250.0
6.45,0.0,18.51,250.0,250.0
6.50,0.0,18.63,250.0,250.0
6.65,0.0,19.01,250.0,250.0
6.70,0.0,19.13,250.0,250.0
6.85,0.0,19.51,250.0,250.0
6.90,0.0,19.63,250.0,250.0
7.05,0.0,20.0,250.0,250.0
7.20,0.0,20.38,250.0,250.0
7.35,0.0,20.75,250.0,250.0
7.40,0.0,20.88,250.0,250.0
7.55,0.0,21.25,250.0,250.0
7.60,0.0,21.38,250.0,250.0
7.75,0.0,21.75,250.0,250.0
7.85,0.0,22.0,250.0,250.0
7.95,0.0,22.25,250.0,250.0
8.05,0.0,22.5,250.0,250.0
8.20,0.0,22.88,250.0,250.0
8.25,0.0,23.0,250.0,250.0
8.40,0.0,23.38,250.0,250.0
8.45,0.0,23.51,250.0,250.0
8.60,0.0,23.88,250.0,250.0
8.65,0.0,24.0,250.0,250.0
8.75,0.0,24.25,250.0,250.0
8.85,0.0,24.5,250.0,250.0
8.95,0.0,24.75,250.0,250.0
9.10,0.0,25.13,250.0,250.0
9.30,0.0,25.63,250.0,250.0
9.35,0.0,25.86,250.0,250.0
9.50,0.0,26.13,250.0,250.0
9.55,0.0,26.25,250.0,250.0
9.65,0.0,26.5,250.0,250.0
9.80,0.0,26.88,250.0,250.0
9.85,0.0,27.0,250.0,250.0
10.00,0.0,27.38,250.0,250.0
10.05,0.0,27.5,250.0,250.0
10.20,0.0,27.88,250.0,250.0
10.25,0.0,28.0,250.0,250.0
10.40,0.0,28.38,250.0,250.0
10.45,0.0,28.5,250.0,250.0
10.60,0.0,28.88,250.0,250.0
10.65,0.0,29.0,250.0,250.0
10.80,0.0,29.38,250.0,250.0
10.85,0.0,29.5,250.0,250.0
11.00,0.0,29.88,250.0,250.0
11.10,0.0,30.13,250.0,250.0
11.30,0.0,30.63,250.0,250.0
11.40,0.0,30.92,250.0,250.0
11.50,0.0,31.13,250.0,250.0
11.55,0.0,31.25,250.0,250.0
11.70,0.0,31.63,250.0,250.0
11.75,0.0,31.75,250.0,250.0
11.90,0.0,32.13,250.0,250.0
11.95,0.0,32.25,250.0,250.0
12.10,0.0,32.63,250.0,250.0
12.20,0.0,32.88,250.0,250.0
12.30,0.0,33.13,250.0,250.0
12.40,0.0,33.38,250.0,250.0
12.50,0.0,33.63,250.0,250.0
12.60,0.0,33.88,250.0,250.0
12.70,0.0,34.13,250.0,250.0
12.80,0.0,34.38,250.0,250.0
12.90,0.0,34.63,250.0,250.0
13.00,0.0,34.88,250.0,250.0
13.10,0.0,35.13,250.0,250.0
13.35,0.0,35.75,250.0,250.0
13.40,0.0,36.0,250.0,250.0
13.55,0.0,36.25,250.0,250.0
13.60,0.0,36.38,250.0,250.0
13.75,0.0,36.75,250.0,250.0
13.80,0.0,36.88,250.0,250.0
13.95,0.0,37.25,250.0,250.0
14.00,0.0,37.38,250.0,250.0
14.15,0.0,37.76,250.0,250.0
14.20,0.0,37.88,250.0,250.0
14.30,0.0,38.13,250.0,250.0
14.45,0.0,38.51,250.0,250.0
14.50,0.0,38.63,250.0,250.0
14.65,0.0,39.0,250.0,250.0
14.70,0.0,39.13,250.0,250.0
14.85,210.11,39.51,250.0,250.0
14.90,311.68,39.63,250.0,250.0
15.05,358.52,40.01,250.0,250.0
15.20,367.03,40.38,250.0,250.0
15.40,364.03,40.88,250.0,250.0
15.45,361.64,41.13,250.0,250.0
15.60,362.53,41.38,250.0,250.0
15.65,361.53,41.51,250.0,250.0
15.75,362.03,41.76,250.0,250.0
15.85,361.53,42.01,250.0,250.0
15.95,362.03,42.26,250.0,250.0
16.05,365.84,42.51,250.0,250.0
16.20,360.53,42.88,250.0,250.0
16.25,359.52,43.01,250.0,250.0
16.35,360.02,43.26,250.0,250.0
16.45,359.52,43.51,250.0,250.0
16.55,360.02,43.76,250.0,250.0
16.65,367.88,44.01,250.0,250.0
16.75,359.52,44.26,250.0,250.0
16.90,360.02,44.63,250.0,250.0
16.95,359.52,44.76,250.0,250.0
17.10,360.02,45.13,250.0,250.0
17.15,358.52,45.26,250.0,250.0
17.35,360.52,45.76,250.0,250.0
17.50,360.76,46.2,250.0,250.0
17.55,354.87,46.26,250.0,250.0
17.70,359.52,46.63,250.0,250.0
17.75,353.46,46.76,250.0,250.0
17.90,360.02,47.13,250.0,250.0
17.95,360.53,47.26,250.0,250.0
18.10,366.86,47.63,250.0,250.0
18.15,360.53,47.76,250.0,250.0
18.30,359.52,48.13,250.0,250.0
18.35,353.46,48.26,250.0,250.0
18.50,356.52,48.63,250.0,250.0
18.55,357.52,48.76,250.0,250.0
18.70,356.52,49.13,250.0,250.0
18.75,354.52,49.26,250.0,250.0
18.90,354.52,49.63,250.0,250.0
18.95,355.52,49.76,250.0,250.0
19.10,354.52,50.13,250.0,250.0
19.20,351.01,50.38,250.0,250.0
19.40,354.02,50.88,250.0,250.0
19.55,354.29,51.27,250.0,250.0
19.60,351.65,51.38,250.0,250.0
19.70,353.51,51.63,250.0,250.0
19.80,349.02,51.88,250.0,250.0
19.90,352.51,52.13,250.0,250.0
20.00,352.01,52.38,250.0,250.0
20.10,352.51,52.63,250.0,250.0
20.20,351.51,52.88,250.0,250.0
20.35,351.01,53.26,250.0,250.0
20.40,351.51,53.38,250.0,250.0
20.55,350.51,53.76,250.0,250.0
20.60,350.51,53.88,250.0,250.0
20.75,350.01,54.26,250.0,250.0
20.80,349.51,54.38,250.0,250.0
20.95,345.55,54.76,250.0,250.0
21.00,356.64,54.88,250.0,250.0
21.15,349.01,55.26,250.0,250.0
21.20,347.51,55.38,250.0,250.0
21.40,348.51,55.88,250.0,250.0
21.55,348.29,56.34,250.0,250.0
21.60,343.83,56.38,250.0,250.0
21.75,346.51,56.76,250.0,250.0
21.80,347.51,56.88,250.0,250.0
21.95,346.51,57.26,250.0,250.0
22.00,346.51,57.38,250.0,250.0
22.15,346.51,57.76,250.0,250.0
22.20,346.51,57.88,250.0,250.0
22.35,345.5,58.26,250.0,250.0
22.40,337.74,58.38,250.0,250.0
22.55,344.5,58.76,250.0,250.0
22.60,344.5,58.88,250.0,250.0
22.75,350.51,59.26,250.0,250.0
22.85,344.0,59.51,250.0,250.0
22.95,343.5,59.76,250.0,250.0
23.05,343.5,60.01,250.0,250.0
23.15,342.5,60.26,250.0,250.0
23.25,343.0,60.51,250.0,250.0
23.45,341.5,61.01,250.0,250.0
23.60,340.85,61.42,250.0,250.0
23.65,340.77,61.51,250.0,250.0
23.80,339.99,61.88,250.0,250.0
23.85,339.5,62.01,250.0,250.0
24.00,339.49,62.38,250.0,250.0
24.05,338.49,62.51,250.0,250.0
24.20,337.99,62.88,250.0,250.0
24.25,338.49,63.01,250.0,250.0
24.40,337.49,63.38,250.0,250.0
24.45,330.88,63.51,250.0,250.0
24.60,336.49,63.88,250.0,250.0
24.65,336.49,64.01,250.0,250.0
24.80,334.99,64.38,250.0,250.0
24.85,334.49,64.51,250.0,250.0
25.00,333.48,64.88,250.0,250.0
25.05,333.49,65.01,250.0,250.0
25.20,332.48,65.38,250.0,250.0
25.25,332.48,65.51,250.0,250.0
25.45,331.48,66.01,250.0,250.0
25.60,326.48,66.38,250.0,250.0
25.65,337.23,66.51,250.0,250.0
25.80,330.48,66.88,250.0,250.0
25.85,329.48,67.01,250.0,250.0
26.00,330.48,67.38,250.0,250.0
26.05,328.48,67.51,250.0,250.0
26.20,322.04,67.88,250.0,250.0
26.30,331.29,68.13,250.0,250.0
26.40,327.47,68.38,250.0,250.0
26.50,326.48,68.63,250.0,250.0
26.60,325.48,68.88,250.0,250.0
26.70,325.47,69.13,250.0,250.0
26.80,324.47,69.38,250.0,250.0
26.90,323.97,69.63,250.0,250.0
27.00,323.47,69.88,250.0,250.0
27.10,323.47,70.13,250.0,250.0
27.20,322.46,70.38,250.0,250.0
27.30,320.97,70.63,250.0,250.0
27.50,320.46,71.13,250.0,250.0
27.65,310.03,71.51,250.0,250.0
27.70,327.01,71.63,250.0,250.0
27.75,319.46,71.76,250.0,250.0
27.90,318.47,72.13,250.0,250.0
27.95,318.46,72.26,250.0,250.0
28.10,318.46,72.63,250.0,250.0
28.15,317.46,72.76,250.0,250.0
28.30,316.46,73.13,250.0,250.0
28.35,316.46,73.26,250.0,250.0
28.50,315.46,73.63,250.0,250.0
28.60,314.96,73.88,250.0,250.0
28.70,314.46,74.13,250.0,250.0
28.85,320.88,74.51,250.0,250.0
28.90,313.45,74.63,250.0,250.0
29.05,312.46,75.01,250.0,250.0
29.10,306.33,75.13,250.0,250.0
29.25,311.45,75.51,250.0,250.0
29.30,310.46,75.63,250.0,250.0
29.50,309.45,76.13,250.0,250.0
29.65,303.38,76.51,250.0,250.0
29.75,307.95,76.76,250.0,250.0
29.85,306.44,77.01,250.0,250.0
29.95,306.95,77.26,250.0,250.0
30.05,305.45,77.51,250.0,250.0
30.15,305.45,77.76,250.0,250.0
30.25,304.45,78.01,250.0,250.0
30.35,303.94,78.26,250.0,250.0
30.45,303.44,78.51,250.0,250.0
30.55,299.45,78.76,250.0,250.0
30.65,301.43,79.01,250.0,250.0
30.75,300.94,79.26,250.0,250.0
30.90,299.94,79.63,250.0,250.0
30.95,299.43,79.76,250.0,250.0
31.10,298.93,80.13,250.0,250.0
31.15,298.44,80.26,250.0,250.0
31.30,297.93,80.63,250.0,250.0
31.35,297.43,80.76,250.0,250.0
31.55,296.42,81.26,250.0,250.0
31.70,294.66,81.71,250.0,250.0
31.75,300.45,81.76,250.0,250.0
31.90,293.93,82.13,250.0,250.0
31.95,294.42,82.26,250.0,250.0
32.10,292.43,82.63,250.0,250.0
32.15,292.42,82.76,250.0,250.0
32.30,286.69,83.13,250.0,250.0
32.35,296.36,83.26,250.0,250.0
32.50,290.43,83.63,250.0,250.0
32.55,289.42,83.76,250.0,250.0
32.65,288.92,84.01,250.0,250.0
32.75,288.42,84.26,250.0,250.0
32.85,287.92,84.51,250.0,250.0
32.95,286.42,84.76,250.0,250.0
33.05,286.92,85.01,250.0,250.0
33.20,285.91,85.38,250.0,250.0
33.25,285.42,85.51,250.0,250.0
33.40,284.41,85.88,250.0,250.0
33.60,282.91,86.38,250.0,250.0
33.65,283.38,86.61,250.0,250.0
33.80,282.91,86.88,250.0,250.0
33.85,282.41,87.01,250.0,250.0
34.00,281.41,87.38,250.0,250.0
34.05,275.89,87.51,250.0,250.0
34.20,279.91,87.88,250.0,250.0
34.25,279.4,88.01,250.0,250.0
34.40,279.4,88.38,250.0,250.0
34.45,278.41,88.51,250.0,250.0
34.60,278.41,88.88,250.0,250.0
34.65,277.4,89.01,250.0,250.0
34.80,276.41,89.38,250.0,250.0
34.85,276.4,89.51,250.0,250.0
35.00,275.4,89.88,250.0,250.0
35.05,277.4,90.01,250.0,250.0
35.20,270.0,90.38,250.0,250.0
35.25,278.97,90.51,250.0,250.0
35.40,274.41,90.88,250.0,250.0
35.60,272.39,91.38,250.0,250.0
35.70,272.48,91.68,250.0,250.0
35.80,266.07,91.88,250.0,250.0
35.90,274.14,92.13,250.0,250.0
36.00,270.39,92.38,250.0,250.0
36.10,269.89,92.63,250.0,250.0
36.20,270.39,92.88,250.0,250.0
36.30,269.39,93.13,250.0,250.0
36.40,267.38,93.38,250.0,250.0
36.50,267.39,93.63,250.0,250.0
36.60,267.38,93.88,250.0,250.0
36.70,266.39,94.13,250.0,250.0
36.85,267.89,94.51,250.0,250.0
36.90,266.39,94.63,250.0,250.0
36.95,262.14,94.76,250.0,250.0
37.10,267.4,95.13,250.0,250.0
37.15,266.39,95.26,250.0,250.0
37.30,271.83,95.63,250.0,250.0
37.35,267.38,95.76,250.0,250.0
37.55,259.2,96.26,250.0,250.0
37.70,275.41,96.63,250.0,250.0
37.75,263.38,96.76,250.0,250.0
37.90,263.38,97.13,250.0,250.0
38.00,263.88,97.38,250.0,250.0
38.10,263.38,97.63,250.0,250.0
38.20,263.39,97.88,250.0,250.0
38.30,262.39,98.13,250.0,250.0
38.40,259.78,98.38,250.0,250.0
38.50,262.37,98.63,250.0,250.0
38.60,261.88,98.88,250.0,250.0
38.70,257.23,99.13,250.0,250.0
38.80,265.54,99.38,250.0,250.0
38.90,261.38,99.63,250.0,250.0
39.00,259.28,99.88,250.0,250.0
39.15,260.88,100.26,250.0,250.0
39.20,261.38,100.38,250.0,250.0
39.35,260.88,100.76,250.0,250.0
39.40,260.38,100.88,250.0,250.0
39.60,261.38,101.38,250.0,250.0
39.70,261.31,101.68,250.0,250.0
39.80,259.38,101.88,250.0,250.0
39.90,259.38,102.13,250.0,250.0
40.00,259.38,102.38,250.0,250.0
40.10,258.37,102.63,250.0,250.0
40.25,261.49,103.01,250.0,250.0
40.30,259.38,103.13,250.0,250.0
40.45,256.81,103.51,250.0,250.0
40.50,263.66,103.63,250.0,250.0
40.65,258.88,104.01,250.0,250.0
40.70,258.38,104.13,250.0,250.0
40.85,257.38,104.51,250.0,250.0
40.90,257.38,104.63,250.0,250.0
41.00,257.87,104.88,250.0,250.0
41.10,257.38,105.13,250.0,250.0
41.20,256.87,105.38,250.0,250.0
41.35,257.87,105.76,250.0,250.0
41.40,257.38,105.88,250.0,250.0
41.60,252.33,106.38,250.0,250.0
41.75,255.76,106.83,250.0,250.0
41.80,260.39,106.88,250.0,250.0
41.95,260.59,107.26,250.0,250.0
42.00,255.38,107.38,250.0,250.0
42.15,254.38,107.76,250.0,250.0
42.20,254.37,107.88,250.0,250.0
42.35,255.38,108.26,250.0,250.0
42.40,253.36,108.38,250.0,250.0
42.50,254.37,108.63,250.0,250.0
42.65,253.87,109.01,250.0,250.0
42.70,253.37,109.13,250.0,250.0
42.85,253.87,109.51,250.0,250.0
42.90,252.37,109.63,250.0,250.0
43.05,252.87,110.01,250.0,250.0
43.10,252.37,110.13,250.0,250.0
43.25,252.37,110.51,250.0,250.0
43.30,253.37,110.63,250.0,250.0
43.45,252.37,111.01,250.0,250.0
43.65,248.41,111.51,250.0,250.0
43.75,255.37,111.81,250.0,250.0
43.80,252.09,111.88,250.0,250.0
43.95,253.37,112.26,250.0,250.0
44.00,253.36,112.38,250.0,250.0
44.15,253.37,112.76,250.0,250.0
44.20,253.37,112.88,250.0,250.0
44.35,254.37,113.26,250.0,250.0
44.40,253.36,113.38,250.0,250.0
44.55,253.36,113.76,250.0,250.0
44.60,252.37,113.88,250.0,250.0
44.75,252.37,114.26,250.0,250.0
44.85,251.86,114.51,250.0,250.0
44.95,252.37,114.76,250.0,250.0
45.05,251.86,115.01,250.0,250.0
45.10,247.42,115.13,250.0,250.0
45.25,252.37,115.51,250.0,250.0
45.30,252.37,115.63,250.0,250.0
45.45,257.52,116.01,250.0,250.0
45.65,252.37,116.51,250.0,250.0
45.75,252.6,116.79,250.0,250.0
45.85,251.36,117.01,250.0,250.0
45.95,251.37,117.26,250.0,250.0
46.05,250.37,117.51,250.0,250.0
46.15,250.36,117.76,250.0,250.0
46.25,250.37,118.01,250.0,250.0
46.35,250.37,118.26,250.0,250.0
46.40,250.37,118.38,250.0,250.0
46.55,245.45,118.76,250.0,250.0
46.60,256.51,118.88,250.0,250.0
46.75,252.37,119.26,250.0,250.0
46.80,251.36,119.38,250.0,250.0
46.95,253.37,119.76,250.0,250.0
47.00,252.37,119.88,250.0,250.0
47.15,252.37,120.26,250.0,250.0
47.25,252.37,120.51,250.0,250.0
47.35,252.37,120.76,250.0,250.0
47.45,252.87,121.01,250.0,250.0
47.65,253.36,121.51,250.0,250.0
47.75,252.78,121.77,250.0,250.0
47.85,253.37,122.01,250.0,250.0
47.90,253.37,122.13,250.0,250.0
48.05,258.52,122.51,250.0,250.0
48.10,252.37,122.63,250.0,250.0
48.25,252.37,123.01,250.0,250.0
48.35,252.87,123.26,250.0,250.0
48.45,253.37,123.51,250.0,250.0
48.55,251.86,123.76,250.0,250.0
48.65,251.36,124.01,250.0,250.0
48.75,250.87,124.26,250.0,250.0
48.90,250.37,124.63,250.0,250.0
48.95,250.35,124.76,250.0,250.0
49.10,250.87,125.13,250.0,250.0
49.15,250.35,125.26,250.0,250.0
49.20,251.36,125.38,250.0,250.0
49.35,251.36,125.76,250.0,250.0
49.45,250.87,126.01,250.0,250.0
49.65,251.36,126.51,250.0,250.0
49.80,251.25,126.92,250.0,250.0
49.85,250.34,127.01,250.0,250.0
50.00,251.37,127.38,250.0,250.0
50.05,245.45,127.51,250.0,250.0
50.20,250.86,127.88,250.0,250.0
50.25,250.38,128.01,250.0,250.0
50.40,250.87,128.38,250.0,250.0
50.45,250.35,128.51,250.0,250.0
50.60,251.38,128.88,250.0,250.0
50.65,251.36,129.01,250.0,250.0
50.75,250.86,129.26,250.0,250.0
50.85,251.36,129.51,250.0,250.0
50.95,251.37,129.76,250.0,250.0
51.10,250.87,130.13,250.0,250.0
51.15,251.36,130.26,250.0,250.0
51.30,253.4,130.63,250.0,250.0
51.35,251.36,130.76,250.0,250.0
51.50,248.88,131.13,250.0,250.0
51.70,251.38,131.63,250.0,250.0
51.80,249.89,131.9,250.0,250.0
51.85,254.91,132.01,250.0,250.0
51.95,251.38,132.26,250.0,250.0
52.05,251.36,132.51,250.0,250.0
52.20,251.37,132.88,250.0,250.0
52.25,251.36,133.01,250.0,250.0
52.40,251.86,133.38,250.0,250.0
52.45,251.36,133.51,250.0,250.0
52.60,251.86,133.88,250.0,250.0
52.65,251.38,134.01,250.0,250.0
52.80,251.36,134.38,250.0,250.0
52.85,252.37,134.51,250.0,250.0
53.00,256.49,134.88,250.0,250.0
53.05,251.36,135.01,250.0,250.0
53.20,252.37,135.38,250.0,250.0
53.25,246.45,135.51,250.0,250.0
53.35,254.92,135.76,250.0,250.0
53.50,252.37,136.13,250.0,250.0
53.70,251.86,136.63,250.0,250.0
53.75,251.4,136.87,250.0,250.0
53.90,251.36,137.13,250.0,250.0
53.95,252.37,137.26,250.0,250.0
54.10,252.37,137.63,250.0,250.0
54.15,252.37,137.76,250.0,250.0
54.30,252.37,138.13,250.0,250.0
54.35,252.37,138.26,250.0,250.0
54.50,252.37,138.63,250.0,250.0
54.60,253.37,138.88,250.0,250.0
54.65,252.37,139.01,250.0,250.0
54.80,254.92,139.38,250.0,250.0
54.85,251.36,139.51,250.0,250.0
55.00,251.36,139.88,250.0,250.0
55.05,251.38,140.01,250.0,250.0
55.20,250.38,140.38,250.0,250.0
55.25,250.35,140.51,250.0,250.0
55.40,249.37,140.88,250.0,250.0
55.45,249.37,141.01,250.0,250.0
55.70,249.36,141.63,250.0,250.0
55.80,241.99,141.88,250.0,250.0
55.90,249.86,142.13,250.0,250.0
56.00,250.35,142.38,250.0,250.0
56.10,250.37,142.63,250.0,250.0
56.15,245.45,142.76,250.0,250.0
56.30,251.36,143.13,250.0,250.0
56.35,251.36,143.26,250.0,250.0
56.50,256.49,143.63,250.0,250.0
56.55,251.36,143.76,250.0,250.0
56.70,250.38,144.13,250.0,250.0
56.80,250.35,144.38,250.0,250.0
56.90,249.37,144.63,250.0,250.0
57.00,249.86,144.88,250.0,250.0
57.10,249.37,145.13,250.0,250.0
57.20,249.36,145.38,250.0,250.0
57.25,250.38,145.51,250.0,250.0
57.40,250.35,145.88,250.0,250.0
57.45,249.37,146.01,250.0,250.0
57.65,256.49,146.51,250.0,250.0
57.80,250.35,146.88,250.0,250.0
57.90,247.89,147.13,250.0,250.0
58.00,249.35,147.38,250.0,250.0
58.10,249.87,147.63,250.0,250.0
58.20,245.47,147.88,250.0,250.0
58.30,251.88,148.13,250.0,250.0
58.40,249.37,148.38,250.0,250.0
58.50,249.86,148.63,250.0,250.0
58.55,249.37,148.76,250.0,250.0
58.70,249.35,149.13,250.0,250.0
58.75,250.38,149.26,250.0,250.0
58.90,249.35,149.63,250.0,250.0
58.95,250.38,149.76,250.0,250.0
59.10,249.37,150.13,250.0,250.0
59.20,249.86,150.38,250.0,250.0
59.30,249.35,150.63,250.0,250.0
59.40,249.86,150.88,250.0,250.0
59.50,250.35,151.13,250.0,250.0
59.75,252.9,151.76,250.0,250.0
59.80,249.81,151.98,250.0,250.0
59.95,249.86,152.26,250.0,250.0
60.00,250.35,152.38,250.0,250.0
60.05,250.38,152.51,250.0,250.0
60.20,249.35,152.88,250.0,250.0
60.30,249.86,153.13,250.0,250.0
60.40,250.35,153.38,250.0,250.0
60.50,249.86,153.63,250.0,250.0
60.60,249.37,153.88,250.0,250.0
60.70,249.36,154.13,250.0,250.0
60.85,249.37,154.51,250.0,250.0
60.90,250.35,154.63,250.0,250.0
61.05,249.86,155.01,250.0,250.0
61.10,244.46,155.13,250.0,250.0
61.25,250.37,155.51,250.0,250.0
61.30,250.35,155.63,250.0,250.0
61.45,250.35,156.01,250.0,250.0
61.50,249.37,156.13,250.0,250.0
61.70,250.38,156.63,250.0,250.0
61.85,258.73,157.01,250.0,250.0
61.95,250.35,157.26,250.0,250.0
62.00,249.37,157.38,250.0,250.0
62.15,249.86,157.76,250.0,250.0
62.20,249.35,157.88,250.0,250.0
62.35,249.36,158.26,250.0,250.0
62.40,249.37,158.38,250.0,250.0
62.55,244.46,158.76,250.0,250.0
62.60,254.46,158.88,250.0,250.0
62.75,249.37,159.26,250.0,250.0
62.80,249.35,159.38,250.0,250.0
62.95,248.36,159.76,250.0,250.0
63.05,249.36,160.01,250.0,250.0
63.15,250.35,160.26,250.0,250.0
63.25,249.86,160.51,250.0,250.0
63.30,249.37,160.63,250.0,250.0
63.45,249.87,161.01,250.0,250.0
63.50,249.35,161.13,250.0,250.0
63.70,250.35,161.63,250.0,250.0
63.85,250.38,162.01,250.0,250.0
63.90,250.35,162.13,250.0,250.0
64.05,255.49,162.51,250.0,250.0
64.10,249.35,162.63,250.0,250.0
64.25,249.37,163.01,250.0,250.0
64.35,249.86,163.26,250.0,250.0
64.45,249.37,163.51,250.0,250.0
64.55,249.86,163.76,250.0,250.0
64.60,246.43,163.88,250.0,250.0
64.75,250.87,164.26,250.0,250.0
64.80,250.35,164.38,250.0,250.0
64.95,250.35,164.76,250.0,250.0
65.00,249.37,164.88,250.0,250.0
65.15,250.35,165.26,250.0,250.0
65.20,250.38,165.38,250.0,250.0
65.35,250.38,165.76,250.0,250.0
65.45,249.36,166.01,250.0,250.0
65.55,249.35,166.26,250.0,250.0
65.75,244.48,166.76,250.0,250.0
65.85,251.5,167.09,250.0,250.0
65.90,253.29,167.13,250.0,250.0
66.05,245.47,167.51,250.0,250.0
66.10,255.46,167.63,250.0,250.0
66.25,250.38,168.01,250.0,250.0
66.30,249.35,168.13,250.0,250.0
66.45,249.35,168.51,250.0,250.0
66.55,249.86,168.76,250.0,250.0
66.65,250.35,169.01,250.0,250.0
66.75,249.86,169.26,250.0,250.0
66.85,249.35,169.51,250.0,250.0
66.95,249.86,169.76,250.0,250.0
67.10,249.86,170.13,250.0,250.0
67.15,250.35,170.26,250.0,250.0
67.30,252.88,170.63,250.0,250.0
67.35,249.37,170.76,250.0,250.0
67.40,250.38,170.88,250.0,250.0
67.55,255.49,171.26,250.0,250.0
67.75,249.35,171.76,250.0,250.0
67.85,250.77,172.07,250.0,250.0
67.95,249.35,172.26,250.0,250.0
68.05,249.86,172.51,250.0,250.0
68.20,249.86,172.88,250.0,250.0
68.25,250.35,173.01,250.0,250.0
68.40,249.86,173.38,250.0,250.0
68.45,249.37,173.51,250.0,250.0
68.60,249.37,173.88,250.0,250.0
68.65,249.35,174.01,250.0,250.0
68.80,249.36,174.38,250.0,250.0
68.85,250.38,174.51,250.0,250.0
68.95,246.89,174.76,250.0,250.0
69.05,250.38,175.01,250.0,250.0
69.15,249.86,175.26,250.0,250.0
69.25,244.46,175.51,250.0,250.0
69.35,252.39,175.76,250.0,250.0
69.50,250.37,176.13,250.0,250.0
69.55,249.35,176.26,250.0,250.0
69.75,251.38,176.76,250.0,250.0
69.90,248.88,177.22,250.0,250.0
69.95,260.38,177.26,250.0,250.0
70.10,249.35,177.63,250.0,250.0
70.15,248.36,177.76,250.0,250.0
70.30,248.36,178.13,250.0,250.0
70.35,248.36,178.26,250.0,250.0
70.45,248.86,178.51,250.0,250.0
70.60,249.36,178.88,250.0,250.0
70.65,249.37,179.01,250.0,250.0
70.80,252.39,179.38,250.0,250.0
70.85,249.37,179.51,250.0,250.0
71.00,247.88,179.88,250.0,250.0
71.05,255.49,180.01,250.0,250.0
71.20,250.35,180.38,250.0,250.0
71.25,249.37,180.51,250.0,250.0
71.40,250.35,180.88,250.0,250.0
71.45,250.38,181.01,250.0,250.0
71.60,250.35,181.38,250.0,250.0
71.75,251.36,181.76,250.0,250.0
71.90,249.56,182.2,250.0,250.0
71.95,250.37,182.26,250.0,250.0
72.10,249.86,182.63,250.0,250.0
72.15,244.46,182.76,250.0,250.0
72.30,249.35,183.13,250.0,250.0
72.35,249.37,183.26,250.0,250.0
72.50,256.49,183.63,250.0,250.0
72.55,249.37,183.76,250.0,250.0
72.70,250.38,184.13,250.0,250.0
72.80,250.86,184.38,250.0,250.0
72.90,251.36,184.63,250.0,250.0
73.00,249.86,184.88,250.0,250.0
73.10,249.37,185.13,250.0,250.0
73.20,249.86,185.38,250.0,250.0
73.35,249.86,185.76,250.0,250.0
73.40,250.35,185.88,250.0,250.0
73.45,250.38,186.01,250.0,250.0
73.60,244.48,186.38,250.0,250.0
73.80,249.37,186.88,250.0,250.0
73.90,250.36,187.17,250.0,250.0
74.00,249.37,187.38,250.0,250.0
74.10,250.37,187.63,250.0,250.0
74.20,250.38,187.88,250.0,250.0
74.30,249.86,188.13,250.0,250.0
74.40,250.35,188.38,250.0,250.0
74.50,249.86,188.63,250.0,250.0
74.65,249.86,189.01,250.0,250.0
74.70,250.35,189.13,250.0,250.0
74.85,249.87,189.51,250.0,250.0
74.90,250.35,189.63,250.0,250.0
75.05,249.36,190.01,250.0,250.0
75.10,250.35,190.13,250.0,250.0
75.20,249.37,190.38,250.0,250.0
75.30,250.38,190.63,250.0,250.0
75.40,249.86,190.88,250.0,250.0
75.50,250.38,191.13,250.0,250.0
75.60,249.36,191.38,250.0,250.0
75.80,250.38,191.88,250.0,250.0
75.95,251.55,192.32,250.0,250.0
76.00,245.99,192.38,250.0,250.0
76.15,250.37,192.76,250.0,250.0
76.20,250.38,192.88,250.0,250.0
76.35,249.35,193.26,250.0,250.0
76.40,250.38,193.38,250.0,250.0
76.55,250.35,193.76,250.0,250.0
76.60,250.35,193.88,250.0,250.0
76.70,250.37,194.13,250.0,250.0
76.85,249.86,194.51,250.0,250.0
76.90,250.38,194.63,250.0,250.0
77.05,249.86,195.01,250.0,250.0
77.10,245.47,195.13,250.0,250.0
77.25,250.37,195.51,250.0,250.0
77.30,249.37,195.63,250.0,250.0
77.45,254.46,196.01,250.0,250.0
77.50,250.35,196.13,250.0,250.0
77.65,249.37,196.51,250.0,250.0
77.85,250.38,197.01,250.0,250.0
77.95,249.52,197.3,250.0,250.0
78.05,250.38,197.51,250.0,250.0
78.15,249.86,197.76,250.0,250.0
78.20,249.37,197.88,250.0,250.0
78.35,249.86,198.26,250.0,250.0
78.40,249.37,198.38,250.0,250.0
78.55,244.48,198.76,250.0,250.0
78.60,255.46,198.88,250.0,250.0
78.75,250.35,199.26,250.0,250.0
78.80,249.37,199.38,250.0,250.0
78.95,250.35,199.76,250.0,250.0
79.05,249.87,200.01,250.0,250.0
79.15,249.37,200.26,250.0,250.0
79.25,249.86,200.51,250.0,250.0
79.35,249.35,200.76,250.0,250.0
79.45,249.86,201.01,250.0,250.0
79.55,249.37,201.26,250.0,250.0
79.65,250.35,201.51,250.0,250.0
79.85,249.35,202.01,250.0,250.0
80.00,250.36,202.45,250.0,250.0
80.05,250.36,202.51,250.0,250.0
80.10,249.37,202.63,250.0,250.0
80.25,249.35,203.01,250.0,250.0
80.35,249.86,203.26,250.0,250.0
80.45,250.35,203.51,250.0,250.0
80.55,249.86,203.76,250.0,250.0
80.65,249.37,204.01,250.0,250.0
80.75,249.86,204.26,250.0,250.0
80.90,250.37,204.63,250.0,250.0
80.95,250.35,204.76,250.0,250.0
81.10,249.86,205.13,250.0,250.0
81.15,249.37,205.26,250.0,250.0
81.30,249.86,205.63,250.0,250.0
81.35,249.37,205.76,250.0,250.0
81.50,250.35,206.13,250.0,250.0
81.55,249.37,206.26,250.0,250.0
81.70,249.35,206.63,250.0,250.0
81.85,252.9,207.01,250.0,250.0
82.00,249.12,207.43,250.0,250.0
82.05,245.36,207.51,250.0,250.0
82.20,249.86,207.88,250.0,250.0
82.25,249.35,208.01,250.0,250.0
82.40,249.36,208.38,250.0,250.0
82.45,249.37,208.51,250.0,250.0
82.60,249.35,208.88,250.0,250.0
82.65,250.38,209.01,250.0,250.0
82.80,250.38,209.38,250.0,250.0
82.85,250.35,209.51,250.0,250.0
83.00,249.37,209.88,250.0,250.0
83.10,249.86,210.13,250.0,250.0
83.20,245.47,210.38,250.0,250.0
83.30,252.39,210.63,250.0,250.0
83.35,250.35,210.76,250.0,250.0
83.50,247.89,211.13,250.0,250.0
83.55,255.46,211.26,250.0,250.0
83.70,250.38,211.63,250.0,250.0
83.90,249.35,212.13,250.0,250.0
84.00,250.37,212.41,250.0,250.0
84.10,250.35,212.63,250.0,250.0
84.20,249.86,212.88,250.0,250.0
84.30,248.34,213.13,250.0,250.0
84.40,250.37,213.38,250.0,250.0
84.50,250.35,213.63,250.0,250.0
84.60,250.37,213.88,250.0,250.0
84.75,250.86,214.26,250.0,250.0
84.80,250.38,214.38,250.0,250.0
84.85,250.38,214.51,250.0,250.0
85.00,255.49,214.88,250.0,250.0
85.05,250.38,215.01,250.0,250.0
85.20,249.37,215.38,250.0,250.0
85.25,244.48,215.51,250.0,250.0
85.40,250.38,215.88,250.0,250.0
85.50,249.87,216.13,250.0,250.0
85.60,250.38,216.38,250.0,250.0
85.70,250.38,216.63,250.0,250.0
85.90,250.35,217.13,250.0,250.0
86.00,250.37,217.39,250.0,250.0
86.10,249.37,217.63,250.0,250.0
86.25,249.87,218.01,250.0,250.0
86.30,250.38,218.13,250.0,250.0
86.45,250.38,218.51,250.0,250.0
86.50,251.34,218.63,250.0,250.0
86.60,250.38,218.88,250.0,250.0
86.70,245.42,219.13,250.0,250.0
86.80,252.91,219.38,250.0,250.0
86.90,250.33,219.63,250.0,250.0
87.00,248.4,219.88,250.0,250.0
87.15,250.88,220.26,250.0,250.0
87.20,250.33,220.38,250.0,250.0
87.35,250.35,220.76,250.0,250.0
87.40,250.38,220.88,250.0,250.0
87.55,249.87,221.26,250.0,250.0
87.60,249.33,221.38,250.0,250.0
87.75,249.37,221.76,250.0,250.0
87.90,249.35,222.13,250.0,250.0
88.05,249.93,222.54,250.0,250.0
88.10,246.3,222.63,250.0,250.0
88.25,251.89,223.01,250.0,250.0
88.30,250.38,223.13,250.0,250.0
88.45,247.88,223.51,250.0,250.0
88.50,255.49,223.63,250.0,250.0
88.65,250.88,224.01,250.0,250.0
88.70,249.37,224.13,250.0,250.0
88.85,250.38,224.51,250.0,250.0
88.90,251.34,224.63,250.0,250.0
89.05,249.37,225.01,250.0,250.0
89.10,250.33,225.13,250.0,250.0
89.20,250.38,225.38,250.0,250.0
89.35,249.35,225.76,250.0,250.0
89.40,250.38,225.88,250.0,250.0
89.55,249.85,226.26,250.0,250.0
89.60,244.48,226.38,250.0,250.0
89.75,249.85,226.76,250.0,250.0
89.95,249.37,227.26,250.0,250.0
90.05,249.41,227.52,250.0,250.0
90.15,250.38,227.76,250.0,250.0
90.20,249.33,227.88,250.0,250.0
90.35,250.38,228.26,250.0,250.0
90.40,249.33,228.38,250.0,250.0
90.55,250.38,228.76,250.0,250.0
90.65,249.85,229.01,250.0,250.0
90.70,249.37,229.13,250.0,250.0
90.85,249.85,229.51,250.0,250.0
90.90,250.38,229.63,250.0,250.0
91.05,251.36,230.01,250.0,250.0
91.20,250.35,230.38,250.0,250.0
91.25,250.38,230.51,250.0,250.0
91.30,250.33,230.63,250.0,250.0
91.45,249.37,231.01,250.0,250.0
91.50,250.38,231.13,250.0,250.0
91.65,244.48,231.51,250.0,250.0
91.75,252.4,231.76,250.0,250.0
91.95,250.38,232.26,250.0,250.0
92.10,250.38,232.67,250.0,250.0
92.15,250.37,232.76,250.0,250.0
92.30,250.38,233.13,250.0,250.0
92.35,250.33,233.26,250.0,250.0
92.50,250.38,233.63,250.0,250.0
92.55,249.33,233.76,250.0,250.0
92.60,250.38,233.88,250.0,250.0
92.75,250.33,234.26,250.0,250.0
92.85,249.87,234.51,250.0,250.0
92.95,250.33,234.76,250.0,250.0
93.05,249.87,235.01,250.0,250.0
93.15,254.46,235.26,250.0,250.0
93.25,249.85,235.51,250.0,250.0
93.40,247.88,235.88,250.0,250.0
93.45,254.46,236.01,250.0,250.0
93.60,249.35,236.38,250.0,250.0
93.65,250.38,236.51,250.0,250.0
93.80,249.35,236.88,250.0,250.0
94.00,249.37,237.38,250.0,250.0
94.10,250.36,237.65,250.0,250.0
94.15,248.08,237.76,250.0,250.0
94.25,250.38,238.01,250.0,250.0
94.35,250.35,238.26,250.0,250.0
94.50,249.85,238.63,250.0,250.0
94.55,245.47,238.76,250.0,250.0
94.70,250.35,239.13,250.0,250.0
94.75,249.37,239.26,250.0,250.0
94.90,249.85,239.63,250.0,250.0
94.95,249.37,239.76,250.0,250.0
95.10,249.37,240.13,250.0,250.0
95.15,250.33,240.26,250.0,250.0
95.30,250.38,240.63,250.0,250.0
95.35,249.33,240.76,250.0,250.0
95.50,250.33,241.13,250.0,250.0
95.55,250.38,241.26,250.0,250.0
95.70,249.33,241.63,250.0,250.0
95.80,249.87,241.88,250.0,250.0
96.00,247.38,242.38,250.0,250.0
96.05,252.44,242.63,250.0,250.0
96.20,251.38,242.88,250.0,250.0
96.25,250.38,243.01,250.0,250.0
96.40,250.38,243.38,250.0,250.0
96.45,250.38,243.51,250.0,250.0
96.60,245.47,243.88,250.0,250.0
96.65,255.44,244.01,250.0,250.0
96.80,250.33,244.38,250.0,250.0
96.90,251.38,244.63,250.0,250.0
97.00,251.38,244.88,250.0,250.0
97.10,250.35,245.13,250.0,250.0
97.20,250.38,245.38,250.0,250.0
97.30,250.35,245.63,250.0,250.0
97.45,250.35,246.01,250.0,250.0
97.50,250.38,246.13,250.0,250.0
97.65,250.35,246.51,250.0,250.0
97.70,249.37,246.63,250.0,250.0
97.85,252.88,247.01,250.0,250.0
98.05,246.41,247.51,250.0,250.0
98.15,252.7,247.78,250.0,250.0
98.25,250.38,248.01,250.0,250.0
98.30,250.38,248.13,250.0,250.0
98.40,250.35,248.38,250.0,250.0
98.55,250.35,248.76,250.0,250.0
98.60,250.38,248.88,250.0,250.0
98.75,250.35,249.26,250.0,250.0
98.80,250.38,249.38,250.0,250.0
98.95,249.85,249.76,250.0,250.0
99.00,250.38,249.88,250.0,250.0
99.15,249.33,250.26,250.0,250.0
99.20,245.47,250.38,250.0,250.0
99.35,250.33,250.76,250.0,250.0
99.40,249.37,250.88,250.0,250.0
99.55,254.46,251.26,250.0,250.0
99.65,249.85,251.51,250.0,250.0
99.75,250.38,251.76,250.0,250.0
99.85,249.35,252.01,250.0,250.0
100.05,249.85,252.51,250.0,250.0
100.15,248.9,252.76,250.0,250.0
100.25,249.37,253.01,250.0,250.0
100.30,250.33,253.13,250.0,250.0
100.45,249.37,253.51,250.0,250.0
100.55,250.35,253.76,250.0,250.0
100.65,250.38,254.01,250.0,250.0
100.75,249.85,254.26,250.0,250.0
100.90,250.35,254.63,250.0,250.0
100.95,245.47,254.76,250.0,250.0
101.00,255.49,254.88,250.0,250.0
101.15,250.38,255.26,250.0,250.0
101.20,251.34,255.38,250.0,250.0
101.35,250.38,255.76,250.0,250.0
101.45,250.86,256.01,250.0,250.0
101.55,250.33,256.26,250.0,250.0
101.65,250.88,256.51,250.0,250.0
101.80,250.88,256.88,250.0,250.0
101.85,250.33,257.01,250.0,250.0
102.05,251.38,257.51,250.0,250.0
102.15,251.18,257.81,250.0,250.0
102.25,250.33,258.01,250.0,250.0
102.35,250.88,258.26,250.0,250.0
102.50,253.41,258.63,250.0,250.0
102.55,250.33,258.76,250.0,250.0
102.70,248.37,259.13,250.0,250.0
102.75,255.49,259.26,250.0,250.0
102.85,250.86,259.51,250.0,250.0
102.95,250.38,259.76,250.0,250.0
103.05,251.36,260.01,250.0,250.0
103.20,250.86,260.38,250.0,250.0
103.25,251.38,260.51,250.0,250.0
103.40,250.88,260.88,250.0,250.0
103.45,251.34,261.01,250.0,250.0
103.60,250.35,261.38,250.0,250.0
103.65,251.38,261.51,250.0,250.0
103.75,250.35,261.76,250.0,250.0
103.85,251.38,262.01,250.0,250.0
104.10,250.35,262.63,250.0,250.0
104.15,250.37,262.87,250.0,250.0
104.30,250.38,263.13,250.0,250.0
104.35,250.38,263.26,250.0,250.0
104.50,255.49,263.63,250.0,250.0
104.55,250.33,263.76,250.0,250.0
104.70,251.34,264.13,250.0,250.0
104.80,250.88,264.38,250.0,250.0
104.85,250.33,264.51,250.0,250.0
105.00,250.86,264.88,250.0,250.0
105.05,251.38,264.98,250.0,250.0
105.20,251.38,265.38,250.0,250.0
105.25,251.34,265.5,250.0,250.0
105.40,250.38,265.88,250.0,250.0
105.50,250.86,266.13,250.0,250.0
105.60,246.41,266.38,250.0,250.0
105.70,253.39,266.63,250.0,250.0
105.75,251.38,266.75,250.0,250.0
105.90,248.37,267.13,250.0,250.0
106.10,251.38,267.63,250.0,250.0
106.20,249.07,267.92,250.0,250.0
106.30,250.38,268.13,250.0,250.0
106.40,250.35,268.39,250.0,250.0
106.45,250.38,268.51,250.0,250.0
106.60,250.88,268.88,250.0,250.0
106.65,250.33,269.01,250.0,250.0
106.80,250.33,269.38,250.0,250.0
106.85,251.38,269.51,250.0,250.0
107.00,250.33,269.88,250.0,250.0
107.10,250.88,270.13,250.0,250.0
107.20,250.38,270.38,250.0,250.0
107.30,250.35,270.63,250.0,250.0
107.35,240.58,270.76,250.0,250.0
107.50,183.27,271.13,250.0,250.0
107.55,96.12,271.23,250.0,250.0
107.70,0.0,271.63,250.0,250.0
107.75,0.0,271.75,250.0,250.0
107.90,0.0,272.13,250.0,250.0
108.10,0.0,272.63,250.0,250.0
108.20,0.0,272.93,250.0,250.0
108.30,0.0,273.13,250.0,250.0
108.40,0.0,273.38,250.0,250.0
108.50,0.0,273.63,250.0,250.0
108.60,0.0,273.88,250.0,250.0
108.70,0.0,274.13,250.0,250.0
108.80,0.0,274.38,250.0,250.0
108.90,0.0,274.63,250.0,250.0
109.00,0.0,274.88,250.0,250.0
109.10,0.0,275.13,250.0,250.0
109.20,0.0,275.38,250.0,250.0
109.35,0.0,275.75,250.0,250.0
109.40,0.0,275.88,250.0,250.0
109.55,0.0,276.25,250.0,250.0
109.60,0.0,276.38,250.0,250.0
109.75,0.0,276.75,250.0,250.0
109.80,0.0,276.88,250.0,250.0
109.95,0.0,277.25,250.0,250.0
110.15,0.0,277.75,250.0,250.0
110.20,0.0,278.0,250.0,250.0
110.35,0.0,278.25,250.0,250.0
110.40,0.0,278.38,250.0,250.0
110.55,0.0,278.76,250.0,250.0
110.60,0.0,278.88,250.0,250.0
110.75,0.0,279.25,250.0,250.0
110.80,0.0,279.38,250.0,250.0
110.90,0.0,279.63,250.0,250.0
111.00,0.0,279.88,250.0,250.0
111.10,0.0,280.13,250.0,250.0
111.20,0.0,280.38,250.0,250.0
111.30,0.0,280.63,250.0,250.0
111.40,0.0,280.88,250.0,250.0
111.50,0.0,281.13,250.0,250.0
111.65,0.0,281.5,250.0,250.0
111.70,0.0,281.63,250.0,250.0
111.85,0.0,282.0,250.0,250.0
111.90,0.0,282.13,250.0,250.0
112.10,0.0,282.63,250.0,250.0
112.25,0.0,283.07,250.0,250.0
112.30,0.0,283.13,250.0,250.0
112.45,0.0,283.5,250.0,250.0
112.50,0.0,283.63,250.0,250.0
112.65,0.0,284.0,250.0,250.0
112.70,0.0,284.13,250.0,250.0
112.85,0.0,284.5,250.0,250.0
112.90,0.0,284.63,250.0,250.0
113.05,0.0,285.0,250.0,250.0
113.10,0.0,285.13,250.0,250.0
113.25,0.0,285.5,250.0,250.0
113.30,0.0,285.63,250.0,250.0
113.45,0.0,286.0,250.0,250.0
113.50,0.0,286.13,250.0,250.0
113.65,0.0,286.5,250.0,250.0
113.70,0.0,286.63,250.0,250.0
113.85,0.0,286.91,250.0,250.0
113.95,0.0,287.25,250.0,250.0
114.15,0.0,287.75,250.0,250.0
114.25,0.0,288.0,250.0,250.0
114.35,0.0,288.25,250.0,250.0
114.45,0.0,288.5,250.0,250.0
114.55,0.0,288.75,250.0,250.0
114.60,0.0,288.88,250.0,250.0
114.75,0.0,289.25,250.0,250.0
114.80,0.0,289.38,250.0,250.0
114.95,0.0,289.75,250.0,250.0
115.00,0.0,289.88,250.0,250.0
115.15,0.0,290.25,250.0,250.0
115.20,0.0,290.38,250.0,250.0
115.35,0.0,290.75,250.0,250.0
115.40,0.0,290.88,250.0,250.0
115.55,0.0,291.25,250.0,250.0
115.60,0.0,291.38,250.0,250.0
115.75,0.0,291.75,250.0,250.0
115.80,0.0,291.88,250.0,250.0
115.95,0.0,292.25,250.0,250.0
116.15,0.0,292.75,250.0,250.0
116.25,0.0,293.05,250.0,250.0
116.35,0.0,293.25,250.0,250.0
116.50,0.0,293.63,250.0,250.0
116.55,0.0,293.75,250.0,250.0
116.70,0.0,294.13,250.0,250.0
116.75,0.0,294.25,250.0,250.0
116.90,0.0,294.63,250.0,250.0
116.95,0.0,294.75,250.0,250.0
117.10,0.0,295.13,250.0,250.0
117.15,0.0,295.25,250.0,250.0
117.30,0.0,295.63,250.0,250.0
117.35,0.0,295.75,250.0,250.0
117.45,0.0,296.0,250.0,250.0
117.60,0.0,296.38,250.0,250.0
117.65,0.0,296.5,250.0,250.0
117.80,0.0,296.88,250.0,250.0
117.85,0.0,297.0,250.0,250.0
118.00,0.0,297.38,250.0,250.0
118.20,0.0,297.88,250.0,250.0
118.25,0.0,298.12,250.0,250.0
118.40,0.0,298.38,250.0,250.0
118.45,0.0,298.5,250.0,250.0
118.60,0.0,298.88,250.0,250.0
118.65,0.0,299.0,250.0,250.0
118.80,0.0,299.38,250.0,250.0
118.85,0.0,299.5,250.0,250.0
119.00,0.0,299.88,250.0,250.0
119.05,0.0,300.0,250.0,250.0
119.20,0.0,300.38,250.0,250.0
119.25,0.0,300.5,250.0,250.0
119.40,0.0,300.88,250.0,250.0
119.45,0.0,301.0,250.0,250.0
119.60,0.0,301.38,250.0,250.0
119.65,0.0,301.5,250.0,250.0
119.80,0.0,301.88,250.0,250.0
119.90,0.0,302.13,250.0,250.0
120.00,0.0,302.38,250.0,250.0
120.20,0.0,302.88,250.0,250.0
120.30,0.0,303.19,250.0,250.0
120.40,0.0,303.38,250.0,250.0
120.50,0.0,303.63,250.0,250.0
120.60,0.0,303.88,250.0,250.0
120.70,0.0,304.13,250.0,250.0
120.80,0.0,304.38,250.0,250.0
120.90,0.0,304.63,250.0,250.0
121.05,0.0,305.0,250.0,250.0
121.10,0.0,305.13,250.0,250.0
121.25,0.0,305.5,250.0,250.0
121.30,0.0,305.63,250.0,250.0
121.35,0.0,305.75,250.0,250.0
121.50,0.0,306.13,250.0,250.0
121.55,0.0,306.25,250.0,250.0
121.70,0.0,306.63,250.0,250.0
121.75,0.0,306.75,250.0,250.0
121.90,0.0,307.13,250.0,250.0
121.95,0.0,307.25,250.0,250.0
122.20,0.0,307.88,250.0,250.0
122.35,0.0,308.26,250.0,250.0
122.40,0.0,308.38,250.0,250.0
122.50,0.0,308.63,250.0,250.0
122.60,0.0,308.88,250.0,250.0
122.70,0.0,309.13,250.0,250.0
122.80,0.0,309.38,250.0,250.0
122.90,0.0,309.63,250.0,250.0
123.00,0.0,309.88,250.0,250.0
123.10,0.0,310.13,250.0,250.0
123.20,0.0,310.38,250.0,250.0
123.35,0.0,310.75,250.0,250.0
123.40,0.0,310.88,250.0,250.0
123.55,0.0,311.25,250.0,250.0
123.60,0.0,311.38,250.0,250.0
123.75,0.0,311.75,250.0,250.0
123.80,0.0,311.88,250.0,250.0
123.95,0.0,312.25,250.0,250.0
124.00,0.0,312.38,250.0,250.0
124.20,0.0,312.88,250.0,250.0
124.35,0.0,313.33,250.0,250.0
124.40,0.0,313.38,250.0,250.0
124.55,0.0,313.75,250.0,250.0
124.60,0.0,313.88,250.0,250.0
124.75,0.0,314.25,250.0,250.0
124.80,0.0,314.38,250.0,250.0
124.95,0.0,314.75,250.0,250.0
125.00,0.0,314.88,250.0,250.0
125.15,0.0,315.25,250.0,250.0
125.20,0.0,315.38,250.0,250.0
125.35,0.0,315.75,250.0,250.0
125.40,0.0,315.88,250.0,250.0
125.55,0.0,316.25,250.0,250.0
125.60,0.0,316.38,250.0,250.0
125.75,0.0,316.75,250.0,250.0
125.85,0.0,317.0,250.0,250.0
125.95,0.0,317.25,250.0,250.0
126.05,0.0,317.5,250.0,250.0
126.25,0.0,318.0,250.0,250.0
126.30,0.0,318.24,250.0,250.0
126.45,0.0,318.5,250.0,250.0
126.50,0.0,318.63,250.0,250.0
126.65,0.0,319.0,250.0,250.0
126.70,0.0,319.13,250.0,250.0
126.85,0.0,319.5,250.0,250.0
126.90,0.0,319.63,250.0,250.0
127.05,0.0,320.0,250.0,250.0
127.10,0.0,320.13,250.0,250.0
127.25,0.0,320.5,250.0,250.0
127.30,0.0,320.63,250.0,250.0
127.45,0.0,321.0,250.0,250.0
127.50,0.0,321.13,250.0,250.0
127.65,0.0,321.5,250.0,250.0
127.70,0.0,321.63,250.0,250.0
127.85,0.0,322.0,250.0,250.0
127.90,0.0,322.13,250.0,250.0
128.05,0.0,322.5,250.0,250.0
128.25,0.0,323.0,250.0,250.0
128.35,0.0,323.31,250.0,250.0
128.45,0.0,323.5,250.0,250.0
128.55,0.0,323.75,250.0,250.0
128.65,0.0,324.0,250.0,250.0
128.75,0.0,324.25,250.0,250.0
128.85,0.0,324.5,250.0,250.0
128.95,0.0,324.75,250.0,250.0
129.05,0.0,325.0,250.0,250.0
129.15,0.0,325.25,250.0,250.0
129.30,0.0,325.63,250.0,250.0
129.35,0.0,325.75,250.0,250.0
129.50,0.0,326.13,250.0,250.0
129.55,0.0,326.25,250.0,250.0
129.70,0.0,326.63,250.0,250.0
129.75,0.0,326.75,250.0,250.0
129.90,0.0,327.13,250.0,250.0
129.95,0.0,327.25,250.0,250.0
130.10,0.0,327.63,250.0,250.0
130.30,0.0,328.13,250.0,250.0
130.40,0.0,328.38,250.0,250.0
130.50,0.0,328.63,250.0,250.0
130.55,0.0,328.75,250.0,250.0
130.70,0.0,329.13,250.0,250.0
130.75,0.0,329.25,250.0,250.0
130.85,0.0,329.5,250.0,250.0
130.95,0.0,329.75,250.0,250.0
131.10,0.0,330.13,250.0,250.0
131.15,0.0,330.25,250.0,250.0
131.25,0.0,330.5,250.0,250.0
131.35,0.0,330.75,250.0,250.0
131.45,0.0,331.0,250.0,250.0
131.60,0.0,331.38,250.0,250.0
131.65,0.0,331.5,250.0,250.0
131.80,0.0,331.88,250.0,250.0
131.85,0.0,332.0,250.0,250.0
132.00,0.0,332.38,250.0,250.0
132.05,0.0,332.5,250.0,250.0
132.25,0.0,333.0,250.0,250.0
132.40,0.0,333.45,250.0,250.0
132.45,0.0,333.5,250.0,250.0
132.60,0.0,333.88,250.0,250.0
132.65,0.0,334.0,250.0,250.0
132.80,0.0,334.38,250.0,250.0
132.85,0.0,334.5,250.0,250.0
133.00,0.0,334.88,250.0,250.0
133.05,0.0,335.0,250.0,250.0
133.20,0.0,335.38,250.0,250.0
133.25,0.0,335.5,250.0,250.0
133.40,0.0,335.88,250.0,250.0
133.45,0.0,336.0,250.0,250.0
133.60,0.0,336.38,250.0,250.0
133.65,0.0,336.5,250.0,250.0
133.80,0.0,336.88,250.0,250.0
133.90,0.0,337.13,250.0,250.0
134.00,0.0,337.38,250.0,250.0
134.10,0.0,337.63,250.0,250.0
134.30,0.0,338.13,250.0,250.0
134.40,0.0,338.38,250.0,250.0
134.50,0.0,338.63,250.0,250.0
134.60,0.0,338.88,250.0,250.0
134.70,0.0,339.13,250.0,250.0
134.80,0.0,339.38,250.0,250.0
134.90,0.0,339.63,250.0,250.0
135.05,0.0,340.0,250.0,250.0
135.10,0.0,340.13,250.0,250.0
135.25,0.0,340.5,250.0,250.0
135.30,0.0,340.63,250.0,250.0
135.45,0.0,341.0,250.0,250.0
135.50,0.0,341.13,250.0,250.0
135.65,0.0,341.5,250.0,250.0
135.70,0.0,341.63,250.0,250.0
135.85,0.0,342.0,250.0,250.0
135.90,0.0,342.13,250.0,250.0
136.05,0.0,342.5,250.0,250.0
136.10,0.0,342.63,250.0,250.0
136.30,0.0,343.13,250.0,250.0
136.45,0.0,343.5,250.0,250.0
136.50,0.0,343.63,250.0,250.0
136.60,0.0,343.88,250.0,250.0
136.70,0.0,344.13,250.0,250.0
136.80,0.0,344.38,250.0,250.0
136.90,0.0,344.63,250.0,250.0
137.00,0.0,344.88,250.0,250.0
137.10,0.0,345.13,250.0,250.0
137.20,0.0,345.38,250.0,250.0
137.30,0.0,345.63,250.0,250.0
137.40,0.0,345.88,250.0,250.0
137.55,0.0,346.25,250.0,250.0
137.60,0.0,346.38,250.0,250.0
137.75,0.0,346.75,250.0,250.0
137.80,0.0,346.88,250.0,250.0
137.95,0.0,347.25,250.0,250.0
138.00,0.0,347.38,250.0,250.0
138.15,0.0,347.75,250.0,250.0
138.35,0.0,348.25,250.0,250.0
138.40,0.0,348.5,250.0,250.0
138.55,0.0,348.75,250.0,250.0
138.60,0.0,348.88,250.0,250.0
138.75,0.0,349.25,250.0,250.0
138.80,0.0,349.38,250.0,250.0
138.95,0.0,349.75,250.0,250.0
139.00,0.0,349.88,250.0,250.0
139.15,0.0,350.0,250.0,250.0
139.20,0.0,350.0,250.0,250.0
139.35,0.0,350.0,250.0,250.0
139.40,0.0,350.0,250.0,250.0
139.55,0.0,350.0,250.0,250.0
139.60,0.0,350.0,250.0,250.0
139.75,0.0,350.0,250.0,250.0
139.85,0.0,350.0,250.0,250.0
139.95,0.0,350.0,250.0,250.0
140.05,0.0,350.0,250.0,250.0
140.15,0.0,350.0,250.0,250.0
140.35,0.0,350.0,250.0,250.0
140.45,0.0,350.0,250.0,250.0
140.50,0.0,350.0,250.0,250.0
140.65,0.0,350.0,250.0,250.0
140.75,0.0,350.0,250.0,250.0
140.85,0.0,350.0,250.0,250.0
140.90,0.0,350.0,250.0,250.0
141.05,0.0,350.0,250.0,250.0
141.10,0.0,350.0,250.0,250.0
141.25,0.0,350.0,250.0,250.0
141.30,0.0,350.0,250.0,250.0
141.45,0.0,350.0,250.0,250.0
141.50,0.0,350.0,250.0,250.0
141.65,0.0,350.0,250.0,250.0
141.70,0.0,350.0,250.0,250.0
141.85,0.0,350.0,250.0,250.0
141.90,0.0,350.0,250.0,250.0
142.05,0.0,350.0,250.0,250.0
142.15,0.0,350.0,250.0,250.0
142.35,0.0,350.0,250.0,250.0
142.45,0.0,350.0,250.0,250.0
142.55,0.0,350.0,250.0,250.0
142.65,0.0,350.0,250.0,250.0
142.75,0.0,350.0,250.0,250.0
142.85,0.0,350.0,250.0,250.0
142.95,0.0,350.0,250.0,250.0
143.05,0.0,350.0,250.0,250.0
143.15,0.0,350.0,250.0,250.0
143.30,0.0,350.0,250.0,250.0
143.35,0.0,350.0,250.0,250.0
143.50,0.0,350.0,250.0,250.0
143.55,0.0,350.0,250.0,250.0
143.70,0.0,350.0,250.0,250.0
143.75,0.0,350.0,250.0,250.0
143.90,0.0,350.0,250.0,250.0
143.95,0.0,350.0,250.0,250.0
144.10,0.0,350.0,250.0,250.0
144.15,0.0,350.0,250.0,250.0
144.35,0.0,350.0,250.0,250.0
144.50,0.0,350.0,250.0,250.0
144.55,0.0,350.0,250.0,250.0
144.70,0.0,350.0,250.0,250.0
144.75,0.0,350.0,250.0,250.0
144.90,0.0,350.0,250.0,250.0
144.95,0.0,350.0,250.0,250.0
145.10,0.0,350.0,250.0,250.0
145.15,0.0,350.0,250.0,250.0
145.30,0.0,350.0,250.0,250.0
145.35,0.0,350.0,250.0,250.0
145.50,0.0,350.0,250.0,250.0
145.60,0.0,350.0,250.0,250.0
145.70,0.0,350.0,250.0,250.0
145.80,0.0,350.0,250.0,250.0
145.90,0.0,350.0,250.0,250.0
146.00,0.0,350.0,250.0,250.0
146.10,0.0,350.0,250.0,250.0
146.20,0.0,350.0,250.0,250.0
146.40,0.0,350.0,250.0,250.0
146.55,0.0,350.0,250.0,250.0
146.60,0.0,350.0,250.0,250.0
146.75,0.0,350.0,250.0,250.0
146.80,0.0,350.0,250.0,250.0
146.95,0.0,350.0,250.0,250.0
147.00,0.0,350.0,250.0,250.0
147.15,0.0,350.0,250.0,250.0
147.20,0.0,350.0,250.0,250.0
147.35,0.0,350.0,250.0,250.0
147.40,0.0,350.0,250.0,250.0
147.55,0.0,350.0,250.0,250.0
147.60,0.0,350.0,250.0,250.0
147.75,0.0,350.0,250.0,250.0
147.80,0.0,350.0,250.0,250.0
147.95,0.0,350.0,250.0,250.0
148.00,0.0,350.0,250.0,250.0
148.15,0.0,350.0,250.0,250.0
148.20,0.0,350.0,250.0,250.0
148.40,0.0,350.0,250.0,250.0
148.55,0.0,350.0,250.0,250.0
148.60,0.0,350.0,250.0,250.0
148.75,0.0,350.0,250.0,250.0
148.80,0.0,350.0,250.0,250.0
148.95,0.0,350.0,250.0,250.0
149.00,0.0,350.0,250.0,250.0
149.15,0.0,350.0,250.0,250.0
149.25,0.0,350.0,250.0,250.0
149.35,0.0,350.0,250.0,250.0
149.45,0.0,350.0,250.0,250.0
149.55,0.0,350.0,250.0,250.0
149.65,0.0,350.0,250.0,250.0
149.75,0.0,350.0,250.0,250.0
149.85,0.0,350.0,250.0,250.0
149.95,0.0,350.0,250.0,250.0
150.05,0.0,350.0,250.0,250.0
150.15,0.0,350.0,250.0,250.0
150.25,0.0,350.0,250.0,250.0
150.45,0.0,350.0,250.0,250.0
150.60,0.0,350.0,250.0,250.0
150.70,0.0,350.0,250.0,250.0
150.80,0.0,350.0,250.0,250.0
150.90,0.0,350.0,250.0,250.0
151.00,0.0,350.0,250.0,250.0
151.10,0.0,349.9,250.0,250.0
151.20,0.0,350.0,250.0,250.0
151.30,0.0,350.0,250.0,250.0
151.40,0.0,350.0,250.0,250.0
151.45,0.0,350.0,250.0,250.0
151.60,0.0,350.0,250.0,250.0
151.65,0.0,350.0,250.0,250.0
151.80,0.0,350.0,250.0,250.0
151.85,0.0,350.0,250.0,250.0
152.00,0.0,350.0,250.0,250.0
152.05,0.0,350.0,250.0,250.0
152.20,0.0,350.0,250.0,250.0
152.25,0.0,350.0,250.0,250.0
152.45,0.0,350.0,250.0,250.0
152.60,0.0,350.0,250.0,250.0
152.70,0.0,350.0,250.0,250.0
152.80,0.0,350.0,250.0,250.0
152.90,0.0,350.0,250.0,250.0
153.00,0.0,350.0,250.0,250.0
153.10,0.0,350.0,250.0,250.0
153.20,0.0,350.0,250.0,250.0
153.30,0.0,350.0,250.0,250.0
153.40,0.0,350.0,250.0,250.0
153.50,0.0,350.0,250.0,250.0
153.60,0.0,350.0,250.0,250.0
153.70,0.0,350.0,250.0,250.0
153.85,0.0,350.0,250.0,250.0
153.90,0.0,350.0,250.0,250.0
154.05,0.0,350.0,250.0,250.0
154.10,0.0,350.0,250.0,250.0
154.25,0.0,350.0,250.0,250.0
154.30,0.0,350.0,250.0,250.0
154.50,0.0,350.0,250.0,250.0
154.65,0.0,350.0,250.0,250.0
154.70,0.0,350.0,250.0,250.0
154.85,0.0,350.0,250.0,250.0
154.90,0.0,350.0,250.0,250.0
155.05,0.0,349.82,250.0,250.0
155.10,0.0,350.0,250.0,250.0
155.25,0.0,350.0,250.0,250.0
155.30,0.0,350.0,250.0,250.0
155.45,0.0,350.0,250.0,250.0
155.50,-1.01,350.0,250.0,250.0
155.65,0.0,350.0,250.0,250.0
155.70,0.0,350.0,250.0,250.0
155.85,0.0,350.0,250.0,250.0
155.90,0.0,350.0,250.0,250.0
156.05,0.0,350.0,250.0,250.0
156.15,0.0,350.0,250.0,250.0
156.25,0.0,350.0,250.0,250.0
156.35,0.0,350.0,250.0,250.0
156.55,0.0,350.0,250.0,250.0
156.65,0.0,350.0,250.0,250.0
156.75,0.0,350.0,250.0,250.0
156.85,0.0,350.0,250.0,250.0
156.95,0.0,350.0,250.0,250.0
157.05,0.0,350.0,250.0,250.0
157.15,0.0,350.0,250.0,250.0
157.30,0.0,350.0,250.0,250.0
157.40,0.0,350.0,250.0,250.0
157.50,0.0,350.0,250.0,250.0
157.60,0.0,350.0,250.0,250.0
157.70,0.0,350.0,250.0,250.0
157.80,0.0,350.0,250.0,250.0
157.90,0.0,350.0,250.0,250.0
158.00,0.0,350.0,250.0,250.0
158.10,0.0,350.0,250.0,250.0
158.20,0.0,350.0,250.0,250.0
158.30,0.0,350.0,250.0,250.0
158.45,0.0,350.0,250.0,250.0
158.65,0.0,350.0,250.0,250.0
158.70,0.0,350.0,250.0,250.0
158.85,0.0,350.0,250.0,250.0
158.90,0.0,350.0,250.0,250.0
159.05,0.0,350.0,250.0,250.0
159.10,0.0,350.0,250.0,250.0
159.25,0.0,350.0,250.0,250.0
159.30,0.0,350.0,250.0,250.0
159.45,0.0,350.0,250.0,250.0
